{"CC(C)[C@H](N)C(=O)O": {"c_shifts": {"0": 17.899999618530273, "2": 17.899999618530273, "1": 30.200000762939453, "3": 61.599998474121094, "5": 175.3000030517578}, "h_shifts": {"8": 0.0, "9": 0.0, "10": 0.0, "12": 0.0, "13": 0.0, "14": 0.0, "11": 0.0, "16": 0.0, "17": 0.0, "15": 0.0, "18": 0.0}}, "O=C(O)[C@H]1O[C@@H](O)[C@H](O)[C@@H](O)[C@H]1O": {"c_shifts": {"3": 69.58000183105469, "7": 71.72000122070312, "9": 74.27999877929688, "11": 76.0199966430664, "5": 96.38999938964844, "1": 176.63999938964844}, "h_shifts": {"16": 0.0, "18": 0.0, "20": 0.0, "22": 0.0, "14": 0.0, "15": 0.0, "17": 0.0, "19": 0.0, "21": 0.0, "13": 0.0}}, "CCOC(=O)C(C)O": {"c_shifts": {"0": 14.199999809265137, "6": 20.299999237060547, "1": 61.29999923706055, "5": 67.0, "3": 175.6999969482422}, "h_shifts": {"8": 0.0, "9": 0.0, "10": 0.0, "14": 0.0, "15": 0.0, "16": 0.0, "17": 0.0, "11": 0.0, "12": 0.0, "13": 0.0}}, "CC(C)C[C@H](N)C(=O)O": {"c_shifts": {"0": 21.700000762939453, "2": 21.700000762939453, "1": 22.799999237060547, "3": 25.5, "4": 40.599998474121094, "6": 54.20000076293945}, "h_shifts": {"9": 0.0, "10": 0.0, "11": 0.0, "13": 0.0, "14": 0.0, "15": 0.0, "12": 0.0, "16": 0.0, "17": 0.0, "19": 0.0, "20": 0.0, "18": 0.0, "21": 0.0}}, "CC(CCC(=O)O)C(=O)O": {"c_shifts": {"0": 16.81999969482422, "1": 28.010000228881836, "2": 31.639999389648438, "3": 38.59000015258789, "4": 179.67999267578125, "7": 182.60000610351562}, "h_shifts": {"10": 1.2289999723434448, "11": 1.2289999723434448, "12": 1.2289999723434448, "13": 1.8200000524520874, "14": 2.007999897003174, "15": 2.007999897003174, "16": 2.4579999446868896, "17": 2.4579999446868896, "18": 2.559999942779541, "19": 11.800000190734863}}, "O=C(O)[C@H]1O[C@H](O)[C@H](O)[C@@H](O)[C@H]1O": {"c_shifts": {"3": 68.12999725341797, "7": 70.18000030517578, "9": 72.73999786376953, "11": 74.23999786376953, "5": 92.0999984741211, "1": 175.1699981689453}, "h_shifts": {"16": 0.0, "18": 0.0, "20": 0.0, "22": 0.0, "14": 0.0, "15": 0.0, "17": 0.0, "19": 0.0, "21": 0.0, "13": 0.0}}, "CC(C)(O)CCO": {"c_shifts": {"0": 29.450000762939453, "2": 29.450000762939453, "4": 43.45000076293945, "1": 59.599998474121094, "5": 71.55999755859375}, "h_shifts": {"7": 1.2649999856948853, "8": 1.2649999856948853, "9": 1.2649999856948853, "10": 1.2649999856948853, "11": 1.2649999856948853, "12": 1.2649999856948853, "13": 1.7200000286102295, "14": 3.8480000495910645, "15": 3.8480000495910645, "18": 4.150000095367432, "16": 4.380000114440918, "17": 4.380000114440918}}, "OC[C@H]1OC(O)(CO)[C@@H](O)[C@@H]1O": {"c_shifts": {"1": 63.63999938964844, "2": 63.9900016784668, "6": 73.81999969482422, "8": 76.33999633789062, "10": 81.08000183105469, "4": 104.08000183105469}, "h_shifts": {"12": 0.0, "16": 0.0, "19": 0.0, "21": 0.0, "23": 0.0, "13": 0.0, "14": 0.0, "15": 0.0, "17": 0.0, "18": 0.0, "20": 0.0, "22": 0.0}}}